{
  "buttonCount": 16,
  "buttonLabels": [
    "MFD",
    "Boost",
    "Left",
    "PL",
    "Clutch",
    "Radio",
    "ERS+",
    "ERS-",
    "Up",
    "OK",
    "Temp",
    "Down",
    "Right",
    "Rewind",
    "Pause",
    "Tire",
    "17",
    "18",
    "19",
    "20",
    "21",
    "22",
    "23",
    "24",
    "25",
    "26",
    "27",
    "28",
    "29",
    "30"
  ],
  "buttonColors": [
    3,
    4,
    6,
    5,
    2,
    0,
    4,
    4,
    6,
    1,
    0,
    6,
    6,
    5,
    7,
    3,
    0,
    1,
    2,
    3,
    4,
    5,
    6,
    7,
    0,
    1,
    2,
    3,
    4,
    5
  ],
  "buttonModes": [
    0,
    0,
    0,
    0,
    0,
    0,
    0,
    0,
    0,
    0,
    0,
    0,
    0,
    0,
    0,
    0,
    0,
    0,
    0,
    0,
    0,
    0,
    0,
    0,
    0,
    0,
    0,
    0,
    0,
    0
  ],
  "buttonPosX": [
    0.07388888888888889,
    0.08722222222222223,
    0.185,
    0.06722222222222222,
    0.165,
    0.21833333333333332,
    0.3283333333333333,
    0.32611111111111113,
    0.24388888888888888,
    0.6438888888888888,
    0.42833333333333334,
    0.24166666666666667,
    0.3016666666666667,
    0.6883333333333334,
    0.7227777777777777,
    0.45944444444444443,
    0.16,
    0.25,
    0.34,
    0.43,
    0.07,
    0.16,
    0.25,
    0.34,
    0.43,
    0.07,
    0.16,
    0.25,
    0.34,
    0.43
  ],
  "buttonPosY": [
    0.29126794258373206,
    0.5711722488038278,
    0.17165071770334928,
    0.8606459330143541,
    0.882177033492823,
    0.6716507177033493,
    0.5950956937799043,
    0.8080143540669856,
    0.06399521531100479,
    0.33911483253588515,
    0.5305023923444976,
    0.2840909090909091,
    0.16925837320574164,
    0.5592105263157895,
    0.8223684210526315,
    0.7984449760765551,
    0.64,
    0.64,
    0.64,
    0.64,
    0.76,
    0.76,
    0.76,
    0.76,
    0.76,
    0.88,
    0.88,
    0.88,
    0.88,
    0.88
  ],
  "buttonSize": [
    72,
    86,
    57,
    57,
    59,
    72,
    72,
    72,
    57,
    72,
    72,
    57,
    57,
    72,
    72,
    72,
    72,
    72,
    72,
    72,
    72,
    72,
    72,
    72,
    72,
    72,
    72,
    72,
    72,
    72
  ],
  "showWheel": true,
  "wheelPosX": 0.7394444444444445,
  "wheelPosY": 0.14294258373205743,
  "wheelSize": 101,
  "sliderPosX": 0.885,
  "sliderPosY": 0.5113636363636364,
  "sliderWidth": 146,
  "sliderHeight": 320
}